{
  "predictions": [
    {
      "group": [
        13,
        14,
        8,
        24
      ],
      "score": 0.0005
    },
    {
      "group": [
        19,
        20,
        4,
        24
      ],
      "score": 0.0005
    },
    {
      "group": [
        23,
        6,
        18,
        1
      ],
      "score": 0.00030000000000000003
    },
    {
      "group": [
        25,
        26,
        10,
        6
      ],
      "score": 0.00030000000000000003
    }
  ]
}